scenario,fp32_duration_s,fp16_duration_s,speedup,cuda_available,fp16_runtime_enabled,epochs,trajectories,fp16_overflow_rate
warmup,0.011888551991432905,0.0005016780924052,23.697570556520635,False,False,1,128,0.0
standard,0.0006722379475831985,0.0004328601062297821,1.5530143293601273,False,False,3,256,0.0
stress,0.000542326015420258,0.0005209350492805243,1.0410626356765154,False,False,5,512,0.0
