scenario,precision_mode,duration_seconds,throughput_samples_per_sec,peak_memory_mb,final_loss,avg_loss,overflow_rate,cuda_available,cuda_device,numerical_stable,epochs,trajectories,batch_size
warmup_fp32,fp32,0.1859572739995201,688.3301591113361,0.0,0.042384876403957605,0.042384876403957605,0.0,False,,True,1,128,16
warmup_fp16,fp16,0.15255395799977123,839.0473880736149,0.0,0.04225295037031174,0.04225295037031174,0.0,False,,True,1,128,16
standard_fp32,fp32,0.44768640300026163,1715.4865433774435,0.0,0.040025521302595735,0.039834650310998164,0.0,False,,True,3,256,32
standard_fp16,fp16,0.4569194800005789,1680.8213123218711,0.0,0.03927978896535933,0.03936885988029341,0.0,False,,True,3,256,32
stress_fp32,fp32,1.317284307000591,1943.3921640112967,0.0,0.039652979583479464,0.03975655750837177,0.0,False,,True,5,512,32
stress_fp16,fp16,1.4597814069993547,1753.687221747942,0.0,0.03963283053599298,0.039680510642938316,0.0,False,,True,5,512,32
